{
	"parent": "minecraft:item/generated",
	"textures": {
	  "layer0": "minecraft:item/iron_nugget"
	},
	"overrides": [
        { "predicate": { "custom_model_data": 1}, "model": "custom:item/lols/keys/orange" },
		{ "predicate": { "custom_model_data": 2}, "model": "custom:item/lols/candle" },
		{ "predicate": { "custom_model_data": 3}, "model": "custom:item/lols/scrolls/shadow" },
		{ "predicate": { "custom_model_data": 4}, "model": "custom:item/lols/scrolls/blood" },
		{ "predicate": { "custom_model_data": 5}, "model": "custom:item/lols/scrolls/fire" },
		{ "predicate": { "custom_model_data": 6}, "model": "custom:item/lols/scrolls/earth" },
		{ "predicate": { "custom_model_data": 7}, "model": "custom:item/lols/scrolls/water" },
		{ "predicate": { "custom_model_data": 8}, "model": "custom:item/lols/scrolls/sun" },
		{ "predicate": { "custom_model_data": 9}, "model": "custom:item/lols/scrolls/heart" },
		{ "predicate": { "custom_model_data": 10}, "model": "custom:item/lols/scrolls/light" },
		{ "predicate": { "custom_model_data": 11}, "model": "custom:item/lols/scrolls/savior" }
	]
}
