{
	"parent": "item/handheld",
	"textures": {
		"layer0": "item/ender_pearl"
	},
	"overrides": [
		{ "predicate": { "custom_model_data": 1}, "model": "item/ender_pearl/1" },
        { "predicate": { "custom_model_data": 2}, "model": "item/ender_pearl/2" },
        { "predicate": { "custom_model_data": 3}, "model": "item/ender_pearl/3" },
		{ "predicate": { "custom_model_data": 4}, "model": "item/ender_pearl/4" },
		{ "predicate": { "custom_model_data": 5}, "model": "item/ender_pearl/5" },
		{ "predicate": { "custom_model_data": 6}, "model": "item/ender_pearl/6" },
		{ "predicate": { "custom_model_data": 7}, "model": "item/ender_pearl/7" },
		{ "predicate": { "custom_model_data": 8}, "model": "item/ender_pearl/8" },
		{ "predicate": { "custom_model_data": 9}, "model": "item/ender_pearl/9" },
        { "predicate": { "custom_model_data": 10}, "model": "item/ender_pearl/10" }
	]
}
