{
	"parent": "minecraft:item/generated",
	"textures": {
		"layer0": "minecraft:item/iron_nugget"
	},
	"overrides": [
		{ "predicate": { "custom_model_data": 1}, "model": "custom:item/lols/iron_nugget/1" },
        { "predicate": { "custom_model_data": 2}, "model": "custom:item/lols/iron_nugget/2" },
        { "predicate": { "custom_model_data": 3}, "model": "custom:item/lols/iron_nugget/3" },
		{ "predicate": { "custom_model_data": 4}, "model": "custom:item/lols/iron_nugget/4" },
		{ "predicate": { "custom_model_data": 5}, "model": "custom:item/lols/iron_nugget/5" },
		{ "predicate": { "custom_model_data": 6}, "model": "custom:item/lols/iron_nugget/6" },
		{ "predicate": { "custom_model_data": 7}, "model": "custom:item/lols/iron_nugget/7" },
		{ "predicate": { "custom_model_data": 8}, "model": "custom:item/lols/iron_nugget/8" },
		{ "predicate": { "custom_model_data": 9}, "model": "custom:item/lols/iron_nugget/9" },
        { "predicate": { "custom_model_data": 10}, "model": "custom:item/lols/iron_nugget/10" }
	]
}
