{
	"parent": "minecraft:item/handheld",
	"textures": {
		"layer0": "minecraft:item/writable_book"
	},
	"overrides": [
		{ "predicate": { "custom_model_data": 1}, "model": "custom:item/lols/writable_book/1" },
        { "predicate": { "custom_model_data": 2}, "model": "custom:item/lols/writable_book/2" },
        { "predicate": { "custom_model_data": 3}, "model": "custom:item/lols/writable_book/3" },
		{ "predicate": { "custom_model_data": 4}, "model": "custom:item/lols/writable_book/4" },
		{ "predicate": { "custom_model_data": 5}, "model": "custom:item/lols/writable_book/5" },
		{ "predicate": { "custom_model_data": 6}, "model": "custom:item/lols/writable_book/6" },
		{ "predicate": { "custom_model_data": 7}, "model": "custom:item/lols/writable_book/7" },
		{ "predicate": { "custom_model_data": 8}, "model": "custom:item/lols/writable_book/8" },
		{ "predicate": { "custom_model_data": 9}, "model": "custom:item/lols/writable_book/9" },
        { "predicate": { "custom_model_data": 10}, "model": "custom:item/lols/writable_book/10" }
	]
}
